Form1012B,10-12B
Form1012BAD,10-12B/A
Form1012G,10-12G
Form1012GAD,10-12G/A
Form10C,10-C
Form10CAD,10-C/A
Form10D,10-D
Form10DAD,10-D/A
Form10K,10-K
Form10KAD,10-K/A
Form10K405,10-K405
Form10K405AD,10-K405/A
Form10KSB,10KSB
Form10KSBAD,10KSB/A
Form10KSB40,10KSB40
Form10KSB40AD,10KSB40/A
Form10KT,10-KT
Form10KTAD,10-KT/A
Form10KT405,10KT405
Form10KT405AD,10KT405/A
Form10Q,10-Q
Form10QAD,10-Q/A
Form10QSB,10QSB
Form10QSBAD,10QSB/A
Form10QT,10-QT
Form10QTAD,10-QT/A
Form10SB12B,10SB12B
Form10SB12BAD,10SB12B/A
Form10SB12G,10SB12G
Form10SB12GAD,10SB12G/A
Form11K,11-K
Form11KAD,11-K/A
Form11KT,11-KT
Form11KTAD,11-KT/A
Form13FE,13F-E
Form13FEAD,13F-E/A
Form13FHR,13F-HR
Form13FHRAD,13F-HR/A
Form13FNT,13F-NT
Form13FNTAD,13F-NT/A
Form144,144
Form144AD,144/A
Form1512B,15-12B
Form1512BAD,15-12B/A
Form1512G,15-12G
Form1512GAD,15-12G/A
Form1515D,15-15D
Form1515DAD,15-15D/A
Form15F12B,15F-12B
Form15F12BAD,15F-12B/A
Form15F12G,15F-12G
Form15F12GAD,15F-12G/A
Form15F15D,15F-15D
Form15F15DAD,15F-15D/A
Form1812B,18-12B
Form1812BAD,18-12B/A
Form1812G,18-12G
Form1812GAD,18-12G/A
Form18K,18-K
Form18KAD,18-K/A
Form1E,1-E
Form1EAD,1-E/A
Form20F,20-F
Form20FAD,20-F/A
Form20FR12B,20FR12B
Form20FR12BAD,20FR12B/A
Form20FR12G,20FR12G
Form20FR12GAD,20FR12G/A
Form24F2EL,24F-2EL
Form24F2ELAD,24F-2EL/A
Form24F2NT,24F-2NT
Form24F2NTAD,24F-2NT/A
Form24F2TM,24F-2TM
Form24F2TMAD,24F-2TM/A
Form24F3NT,24F-3NT
Form24F3NTAD,24F-3NT/A
Form25,25
Form25AD,25/A
Form25NSE,25-NSE
Form25NSEAD,25-NSE/A
Form2E,2-E
Form2EAD,2-E/A
Form3,3
Form3AD,3/A
Form305B2,305B2
Form305B2AD,305B2/A
Form35APP,35-APP
Form35APPAD,35-APP/A
Form35CERT,35-CERT
Form35CERTAD,35-CERT/A
Form4,4
Form4AD,4/A
Form4017F1,40-17F1
Form4017F1AD,40-17F1/A
Form4017F2,40-17F2
Form4017F2AD,40-17F2/A
Form4017G,40-17G
Form4017GAD,40-17G/A
Form4017GCS,40-17GCS
Form4017GCSAD,40-17GCS/A
Form4024B2,40-24B2
Form4024B2AD,40-24B2/A
Form4033,40-33
Form4033AD,40-33/A
Form406B,40-6B
Form406BAD,40-6B/A
Form408B25,40-8B25
Form408F2,40-8F-2
Form408F2AD,40-8F-2/A
Form408FA,40-8FA
Form408FAAD,40-8FA/A
Form408FB,40-8F-B
Form408FBAD,40-8F-B/A
Form408FL,40-8FL
Form408FLAD,40-8F-L/A
Form408FLA,40-8FLA
Form408FLM,40-8FLM
Form408FLMA,40-8FLMA
Form408FM,40-8F-M
Form408FMAD,40-8F-M/A
Form40APP,40-APP
Form40APPAD,40-APP/A
Form40F,40-F
Form40FAD,40-F/A
Form40FR12B,40FR12B
Form40FR12BAD,40FR12B/A
Form40FR12G,40FR12G
Form40FR12GAD,40FR12G/A
Form40OIP,40-OIP
Form40OIPAD,40-OIP/A
Form424A,424A
Form424B1,424B1
Form424B2,424B2
Form424B3,424B3
Form424B4,424B4
Form424B5,424B5
Form424B7,424B7
Form424B8,424B8
Form424H,424H
Form424HAD,424H/A
Form425,425
Form45B3,45B-3
Form45B3AD,45B-3/A
Form485A24E,485A24E
Form485A24F,485A24F
Form485APOS,485APOS
Form485B24E,485B24E
Form485B24F,485B24F
Form485BPOS,485BPOS
Form485BXT,485BXT
Form485BXTE,485BXTE
Form485BXTF,485BXTF
Form486A24F,486A24F
Form486APOS,486APOS
Form486B24F,486B24F
Form486BPOS,486BPOS
Form487,487
Form497,497
Form497AD,497AD
Form497H2,497H2
Form497J,497J
Form497K,497K
Form497K1,497K1
Form497K2,497K2
Form497K3A,497K3A
Form497K3B,497K3B
Form5,5
Form5AD,5/A
Form6BNTC,6B NTC
Form6BORDR,6B ORDR
Form6K,6-K
Form6KAD,6-K/A
Form8A12B,8-A12B
Form8A12BAD,8-A12B/A
Form8A12G,8-A12G
Form8A12GAD,8-A12G/A
Form8B12B,8-B12B
Form8B12BAD,8-B12B/A
Form8B12G,8-B12G
Form8F2NTC,8F-2 NTC
Form8F2ORDR,8F-2 ORDR
Form8K,8-K
Form8KAD,8-K/A
Form8K12B,8-K12B
Form8K12BAD,8-K12B/A
Form8K12G3,8-K12G3
Form8K12G3AD,8-K12G3/A
Form8K15D5,8-K15D5
Form8K15D5AD,8-K15D5/A
FormABS15G,ABS 15G
FormABS15GAD,ABS 15G/A
FormABSEE,ABS-EE
FormABSEEAD,ABS-EE/A
FormANNLRPT,ANNLRPT
FormANNLRPTAD,ANNLRPT/A
FormAPPNTC,APP NTC
FormAPPORDR,APP ORDR
FormAPPWD,APP WD
FormAPPWDAD,APP WD/A
FormARS,ARS
FormARSAD,ARS/A
FormAW,AW
FormAWWD,AW WD
FormBW2,BW-2
FormBW3,BW-3
FormCB,CB
FormCBAD,CB/A
FormCORRESP,CORRESP
FormCTORDER,CTORDER
FormD,D
FormDAD,D/A
FormDEF13E3,DEF13E3
FormDEF13E3AD,DEF13E3/A
FormDEF14A,DEF 14A
FormDEF14C,DEF 14C
FormDEFA14A,DEFA14A
FormDEFA14C,DEFA14C
FormDEFC14A,DEFC14A
FormDEFC14C,DEFC14C
FormDEFM14A,DEFM14A
FormDEFM14C,DEFM14C
FormDEFN14A,DEFN14A
FormDEFR14A,DEFR14A
FormDEFR14C,DEFR14C
FormDEFS14A,DEFS14A
FormDEFS14C,DEFS14C
FormDELAM,DEL AM
FormDFAN14A,DFAN14A
FormDFRN14A,DFRN14A
FormDRS,DRS
FormDRSAD,DRS/A
FormDRSLTR,DRSLTR
FormDSTRBRPT,DSTRBRPT
FormDSTRBRPTAD,DSTRBRPT/A
FormEFFECT,EFFECT
FormETR,ETR
FormF1,F-1
FormF1AD,F-1/A
FormF10,F-10
FormF10AD,F-10/A
FormF10EF,F-10EF
FormF10MEF,F-10MEF
FormF10POS,F-10POS
FormF1MEF,F-1MEF
FormF2,F-2
FormF2AD,F-2/A
FormF2D,F-2D
FormF2DPOS,F-2DPOS
FormF2MEF,F-2MEF
FormF3,F-3
FormF3AD,F-3/A
FormF3ASR,F-3ASR
FormF3D,F-3D
FormF3DPOS,F-3DPOS
FormF3MEF,F-3MEF
FormF4,F-4
FormF4AD,F-4/A
FormF4EF,F-4EF
FormF4EFAD,F-4EF/A
FormF4MEF,F-4MEF
FormF4POS,F-4 POS
FormF6,F-6
FormF6AD,F-6/A
FormF6EF,F-6EF
FormF6POS,F-6 POS
FormF7,F-7
FormF7AD,F-7/A
FormF7POS,F-7 POS
FormF8,F-8
FormF8AD,F-8/A
FormF80,F-80
FormF80AD,F-80/A
FormF80POS,F-80POS
FormF8POS,F-8 POS
FormF9,F-9
FormF9AD,F-9/A
FormF9EF,F-9EF
FormF9MEF,F-9MEF
FormF9POS,F-9 POS
FormFN,F-N
FormFNAD,F-N/A
FormFWP,FWP
FormFX,F-X
FormFXAD,F-X/A
FormIRANNOTICE,IRANNOTICE
FormMA,MA
FormMAI,MA-I
FormMANR,MA-NR
FormMAW,MA-W
FormN1,N-1
FormN1AD,N-1/A
FormN14,N-14
FormN14AD,N-14/A
FormN148C,N-14 8C
FormN148CAD,N-14 8C/A
FormN14AE,N-14AE
FormN14AEAD,N-14AE/A
FormN14AE24,N14AE24
FormN14AE24AD,N14AE24/A
FormN14EL24,N14EL24
FormN14EL24AD,N14EL24/A
FormN14MEF,N-14MEF
FormN18F1,N-18F1
FormN18F1AD,N-18F1/A
FormN1A,N-1A
FormN1AAD,N-1A/A
FormN1AEL,N-1A EL
FormN1AELAD,N-1A EL/A
FormN2,N-2
FormN2AD,N-2/A
FormN23C1,N-23C-1
FormN23C1AD,N-23C-1/A
FormN23C2,N-23C-2
FormN23C2AD,N-23C-2/A
FormN23C3A,N-23C3A
FormN23C3AAD,N-23C3A/A
FormN23C3B,N-23C3B
FormN23C3BAD,N-23C3B/A
FormN23C3C,N-23C3C
FormN23C3CAD,N-23C3C/A
FormN27D1,N-27D-1
FormN27D1AD,N-27D-1/A
FormN2MEF,N-2MEF
FormN3,N-3
FormN3AD,N-3/A
FormN30B2,N-30B-2
FormN30D,N-30D
FormN30DAD,N-30D/A
FormN3EL,N-3 EL
FormN3ELAD,N-3 EL/A
FormN4,N-4
FormN4AD,N-4/A
FormN4EL,N-4 EL
FormN4ELAD,N-4 EL/A
FormN5,N-5
FormN5AD,N-5/A
FormN54A,N-54A
FormN54AAD,N-54A/A
FormN54C,N-54C
FormN54CAD,N-54C/A
FormN6,N-6
FormN6AD,N-6/A
FormN6C9,N-6C9
FormN6C9AD,N-6C9/A
FormN6F,N-6F
FormN6FAD,N-6F/A
FormN8A,N-8A
FormN8AAD,N-8A/A
FormN8B2,N-8B-2
FormN8B2AD,N-8B-2/A
FormN8B3,N-8B-3
FormN8B3AD,N-8B-3/A
FormN8B4,N-8B-4
FormN8B4AD,N-8B-4/A
FormN8F,N-8F
FormN8FAD,N-8F/A
FormN8FNTC,N-8F NTC
FormN8FORDR,N-8F ORDR
FormNCSR,N-CSR
FormNCSRAD,N-CSR/A
FormNCSRS,N-CSRS
FormNCSRSAD,N-CSRS/A
FormNMFP,N-MFP
FormNMFPAD,N-MFP/A
FormNPX,N-PX
FormNPXAD,N-PX/A
FormNQ,N-Q
FormNQAD,N-Q/A
FormNSARA,NSAR-A
FormNSARAAD,NSAR-A/A
FormNSARAT,NSAR-AT
FormNSARATAD,NSAR-AT/A
FormNSARB,NSAR-B
FormNSARBAD,NSAR-B/A
FormNSARBT,NSAR-BT
FormNSARBTAD,NSAR-BT/A
FormNSARU,NSAR-U
FormNSARUAD,NSAR-U/A
FormNT10D,NT 10-D
FormNT10DAD,NT 10-D/A
FormNT10K,NT 10-K
FormNT10KAD,NT 10-K/A
FormNT10Q,NT 10-Q
FormNT10QAD,NT 10-Q/A
FormNT11K,NT 11-K
FormNT11KAD,NT 11-K/A
FormNT15D2,NT 15D2
FormNT15D2AD,NT 15D2/A
FormNT20F,NT 20-F
FormNT20FAD,NT 20-F/A
FormNTFNCSR,NT-FNCSR
FormNTFNSAR,NT-FNSAR
FormNTN10D,NTN 10D
FormNTN10K,NTN 10K
FormNTN10Q,NTN 10Q
FormNTN15D2,NTN15D2
FormNTN20F,NTN 20F
FormNTNCSR,NT-NCSR
FormNTNCSRAD,NT-NCSR/A
FormNTNMFP,NT N-MFP
FormNTNMFPAD,NT N-MFP/A
FormNTNSAR,NT-NSAR
FormNTNSARAD,NT-NSAR/A
FormOIPNTC,OIP NTC
FormOIPORDR,OIP ORDR
FormPOS462B,POS462B
FormPOS462C,POS462C
FormPOS8C,POS 8C
FormPOSAM,POS AM
FormPOSAMC,POS AMC
FormPOSAMI,POS AMI
FormPOSASR,POSASR
FormPOSEX,POS EX
FormPRE14A,PRE 14A
FormPRE14C,PRE 14C
FormPREC14A,PREC14A
FormPREC14C,PREC14C
FormPREM14A,PREM14A
FormPREM14C,PREM14C
FormPREN14A,PREN14A
FormPRER14A,PRER14A
FormPRER14C,PRER14C
FormPRES14A,PRES14A
FormPRES14C,PRES14C
FormPRRN14A,PRRN14A
FormPX14A6G,PX14A6G
FormPX14A6N,PX14A6N
FormQRTLYRPT,QRTLYRPT
FormQRTLYRPTAD,QRTLYRPT/A
FormRW,RW
FormRWWD,RW WD
FormS1,S-1
FormS1AD,S-1/A
FormS11,S-11
FormS11AD,S-11/A
FormS11MEF,S-11MEF
FormS1MEF,S-1MEF
FormS2,S-2
FormS2AD,S-2/A
FormS20,S-20
FormS20AD,S-20/A
FormS2MEF,S-2MEF
FormS3,S-3
FormS3AD,S-3/A
FormS3ASR,S-3ASR
FormS3D,S-3D
FormS3DPOS,S-3DPOS
FormS3MEF,S-3MEF
FormS4,S-4
FormS4AD,S-4/A
FormS4EF,S-4EF
FormS4EFAD,S-4EF/A
FormS4MEF,S-4MEF
FormS4POS,S-4 POS
FormS6,S-6
FormS6AD,S-6/A
FormS6EL24,S-6EL24
FormS6EL24AD,S-6EL24/A
FormS8,S-8
FormS8POS,S-8 POS
FormSB,S-B
FormSBAD,S-B/A
FormSB1,SB-1
FormSB1AD,SB-1/A
FormSB1MEF,SB-1MEF
FormSB2,SB-2
FormSB2AD,SB-2/A
FormSB2MEF,SB-2MEF
FormSBMEF,S-BMEF
FormSC13D,SC 13D
FormSC13DAD,SC 13D/A
FormSC13E1,SC 13E1
FormSC13E1AD,SC 13E1/A
FormSC13E3,SC 13E3
FormSC13E3AD,SC 13E3/A
FormSC13E4,SC 13E4
FormSC13E4AD,SC 13E4/A
FormSC13E4F,SC13E4F
FormSC13E4FAD,SC13E4F/A
FormSC13G,SC 13G
FormSC13GAD,SC 13G/A
FormSC14D1,SC 14D1
FormSC14D1AD,SC 14D1/A
FormSC14D1F,SC14D1F
FormSC14D1FAD,SC14D1F/A
FormSC14D9,SC 14D9
FormSC14D9AD,SC 14D9/A
FormSC14D9C,SC14D9C
FormSC14D9F,SC14D9F
FormSC14D9FAD,SC14D9F/A
FormSC14F1,SC 14F1
FormSC14F1AD,SC 14F1/A
FormSC14N,SC 14N
FormSC14NAD,SC 14N/A
FormSC14NS,SC 14N-S
FormSC14NSAD,SC 14N-S/A
FormSCTOC,SC TO-C
FormSCTOI,SC TO-I
FormSCTOIAD,SC TO-I/A
FormSCTOT,SC TO-T
FormSCTOTAD,SC TO-T/A
FormSD,SD
FormSF1,SF-1
FormSF1AD,SF-1/A
FormSF3,SF-3
FormSF3AD,SF-3/A
FormSF3ME,SF-3ME
FormSP15D2,SP 15D2
FormSP15D2AD,SP 15D2/A
FormSUPPL,SUPPL
FormT3,T-3
FormT3AD,T-3/A
FormT6,T-6
FormT6AD,T-6/A
FormTA1,TA-1
FormTA1AD,TA-1/A
FormTA2,TA-2
FormTA2AD,TA-2/A
FormTAW,TA-W
FormU1,U-1
FormU1AD,U-1/A
FormU12IA,U-12-IA
FormU12IAAD,U-12-IA/A
FormU12IB,U-12-IB
FormU12IBAD,U-12-IB/A
FormU131,U-13-1
FormU131AD,U-13-1/A
FormU1360,U-13-60
FormU1360AD,U-13-60/A
FormU13E1,U-13E-1
FormU13E1AD,U-13E-1/A
FormU13El,U-13E-l
FormU13ElAD,U-13E-l/A
FormU33S,U-33-S
FormU33SAD,U-33-S/A
FormU3A2,U-3A-2
FormU3A2AD,U-3A-2/A
FormU3A31,U-3A3-1
FormU3A31AD,U-3A3-1/A
FormU57,U-57
FormU57AD,U-57/A
FormU5A,U5A
FormU5AAD,U5A/A
FormU5B,U5B
FormU5BAD,U5B/A
FormU5S,U5S
FormU5SAD,U5S/A
FormU6B2,U-6B-2
FormU6B2AD,U-6B-2/A
FormU7D,U-7D
FormU7DAD,U-7D/A
FormU9C3,U-9C-3
FormU9C3AD,U-9C-3/A
FormUNDER,UNDER
FormUNDERAD,UNDER/A
FormUPLOAD,UPLOAD
FormUR1,U-R-1
FormUR1AD,U-R-1/A